{
    "getAll": {
        "route": "/aficiones",
        "method": "GET",
        "sql": "SELECT * FROM aficiones",
        "auth_required": false,
        "allowed_roles": [
            "*"
        ],
        "description": "Gets all aficiones"
    },
    "getById": {
        "route": "/aficiones/$aficionId",
        "method": "GET",
        "sql": "SELECT * FROM aficiones WHERE aficionId = $aficionId",
        "auth_required": false,
        "allowed_roles": [
            "*"
        ],
        "description": "Gets an entry from 'aficiones' by its primary key"
    },
    "create": {
        "route": "/aficiones",
        "method": "POST",
        "sql": "INSERT INTO aficiones(gustos) VALUES ($gustos)",
        "auth_required": true,
        "allowed_roles": [
            "*"
        ],
        "description": "Creates a new entry in 'aficiones'",
        "request_body_params": [
            "gustos"
        ]
    },
    "update": {
        "route": "/aficiones/$aficionId",
        "method": "PUT",
        "sql": "UPDATE aficiones SET gustos = $gustos WHERE aficionId = $aficionId",
        "auth_required": true,
        "allowed_roles": [
            "*"
        ],
        "description": "Updates an existing entry in 'aficiones' by its primary key",
        "request_body_params": [
            "gustos"
        ]
    },
    "delete": {
        "route": "/aficiones/$aficionId",
        "method": "DELETE",
        "sql": "DELETE FROM aficiones WHERE aficionId = $aficionId",
        "auth_required": true,
        "allowed_roles": [
            "*"
        ],
        "description": "Deletes an existing entry in 'aficiones' by its primary key"
    }
}