{
    "getAll": {
        "route": "/chats",
        "method": "GET",
        "sql": "SELECT * FROM chats",
        "auth_required": false,
        "allowed_roles": [
            "*"
        ],
        "description": "Gets all chats"
    },
    "getById": {
        "route": "/chats/$chatId",
        "method": "GET",
        "sql": "SELECT * FROM chats WHERE chatId = $chatId",
        "auth_required": false,
        "allowed_roles": [
            "*"
        ],
        "description": "Gets an entry from 'chats' by its primary key"
    },
    "create": {
        "route": "/chats",
        "method": "POST",
        "sql": "INSERT INTO chats(vinculoId, fechaCreacion, fechaCierre, numeroMensajes) VALUES ($vinculoId, $fechaCreacion, $fechaCierre, $numeroMensajes)",
        "auth_required": true,
        "allowed_roles": [
            "*"
        ],
        "description": "Creates a new entry in 'chats'",
        "request_body_params": [
            "vinculoId",
            "fechaCreacion",
            "fechaCierre",
            "numeroMensajes"
        ]
    },
    "update": {
        "route": "/chats/$chatId",
        "method": "PUT",
        "sql": "UPDATE chats SET vinculoId = $vinculoId, fechaCreacion = $fechaCreacion, fechaCierre = $fechaCierre, numeroMensajes = $numeroMensajes WHERE chatId = $chatId",
        "auth_required": true,
        "allowed_roles": [
            "*"
        ],
        "description": "Updates an existing entry in 'chats' by its primary key",
        "request_body_params": [
            "vinculoId",
            "fechaCreacion",
            "fechaCierre",
            "numeroMensajes"
        ]
    },
    "delete": {
        "route": "/chats/$chatId",
        "method": "DELETE",
        "sql": "DELETE FROM chats WHERE chatId = $chatId",
        "auth_required": true,
        "allowed_roles": [
            "*"
        ],
        "description": "Deletes an existing entry in 'chats' by its primary key"
    }
}