{
    "getAll": {
        "route": "/direcciones",
        "method": "GET",
        "sql": "SELECT * FROM direcciones",
        "auth_required": false,
        "allowed_roles": [
            "*"
        ],
        "description": "Gets all direcciones"
    },
    "getById": {
        "route": "/direcciones/$direccionId",
        "method": "GET",
        "sql": "SELECT * FROM direcciones WHERE direccionId = $direccionId",
        "auth_required": false,
        "allowed_roles": [
            "*"
        ],
        "description": "Gets an entry from 'direcciones' by its primary key"
    },
    "create": {
        "route": "/direcciones",
        "method": "POST",
        "sql": "INSERT INTO direcciones(municipioId, codigoPostal, direccion) VALUES ($municipioId, $codigoPostal, $direccion)",
        "auth_required": true,
        "allowed_roles": [
            "*"
        ],
        "description": "Creates a new entry in 'direcciones'",
        "request_body_params": [
            "municipioId",
            "codigoPostal",
            "direccion"
        ]
    },
    "update": {
        "route": "/direcciones/$direccionId",
        "method": "PUT",
        "sql": "UPDATE direcciones SET municipioId = $municipioId, codigoPostal = $codigoPostal, direccion = $direccion WHERE direccionId = $direccionId",
        "auth_required": true,
        "allowed_roles": [
            "*"
        ],
        "description": "Updates an existing entry in 'direcciones' by its primary key",
        "request_body_params": [
            "municipioId",
            "codigoPostal",
            "direccion"
        ]
    },
    "delete": {
        "route": "/direcciones/$direccionId",
        "method": "DELETE",
        "sql": "DELETE FROM direcciones WHERE direccionId = $direccionId",
        "auth_required": true,
        "allowed_roles": [
            "*"
        ],
        "description": "Deletes an existing entry in 'direcciones' by its primary key"
    }
}