{
    "getAll": {
        "route": "/fichadepreferencias",
        "method": "GET",
        "sql": "SELECT * FROM fichadepreferencias",
        "auth_required": false,
        "allowed_roles": [
            "*"
        ],
        "description": "Gets all fichadepreferencias"
    },
    "getById": {
        "route": "/fichadepreferencias/$fichaDePreferenciasId",
        "method": "GET",
        "sql": "SELECT * FROM fichadepreferencias WHERE fichaDePreferenciasId = $fichaDePreferenciasId",
        "auth_required": false,
        "allowed_roles": [
            "*"
        ],
        "description": "Gets an entry from 'fichadepreferencias' by its primary key"
    },
    "create": {
        "route": "/fichadepreferencias",
        "method": "POST",
        "sql": "INSERT INTO fichadepreferencias(usuarioId, edadMinima, edadMaxima, estaturaMinima, estaturaMaxima, pesoMinimo, pesoMaximo) VALUES ($usuarioId, $edadMinima, $edadMaxima, $estaturaMinima, $estaturaMaxima, $pesoMinimo, $pesoMaximo)",
        "auth_required": true,
        "allowed_roles": [
            "*"
        ],
        "description": "Creates a new entry in 'fichadepreferencias'",
        "request_body_params": [
            "usuarioId",
            "edadMinima",
            "edadMaxima",
            "estaturaMinima",
            "estaturaMaxima",
            "pesoMinimo",
            "pesoMaximo"
        ]
    },
    "update": {
        "route": "/fichadepreferencias/$fichaDePreferenciasId",
        "method": "PUT",
        "sql": "UPDATE fichadepreferencias SET usuarioId = $usuarioId, edadMinima = $edadMinima, edadMaxima = $edadMaxima, estaturaMinima = $estaturaMinima, estaturaMaxima = $estaturaMaxima, pesoMinimo = $pesoMinimo, pesoMaximo = $pesoMaximo WHERE fichaDePreferenciasId = $fichaDePreferenciasId",
        "auth_required": true,
        "allowed_roles": [
            "*"
        ],
        "description": "Updates an existing entry in 'fichadepreferencias' by its primary key",
        "request_body_params": [
            "usuarioId",
            "edadMinima",
            "edadMaxima",
            "estaturaMinima",
            "estaturaMaxima",
            "pesoMinimo",
            "pesoMaximo"
        ]
    },
    "delete": {
        "route": "/fichadepreferencias/$fichaDePreferenciasId",
        "method": "DELETE",
        "sql": "DELETE FROM fichadepreferencias WHERE fichaDePreferenciasId = $fichaDePreferenciasId",
        "auth_required": true,
        "allowed_roles": [
            "*"
        ],
        "description": "Deletes an existing entry in 'fichadepreferencias' by its primary key"
    }
}