{
    "getAll": {
        "route": "/fotos",
        "method": "GET",
        "sql": "SELECT * FROM fotos",
        "auth_required": false,
        "allowed_roles": [
            "*"
        ],
        "description": "Gets all fotos"
    },
    "getById": {
        "route": "/fotos/$fotoId",
        "method": "GET",
        "sql": "SELECT * FROM fotos WHERE fotoId = $fotoId",
        "auth_required": false,
        "allowed_roles": [
            "*"
        ],
        "description": "Gets an entry from 'fotos' by its primary key"
    },
    "create": {
        "route": "/fotos",
        "method": "POST",
        "sql": "INSERT INTO fotos(usuarioId, urlFoto, descripcionFoto) VALUES ($usuarioId, $urlFoto, $descripcionFoto)",
        "auth_required": true,
        "allowed_roles": [
            "*"
        ],
        "description": "Creates a new entry in 'fotos'",
        "request_body_params": [
            "usuarioId",
            "urlFoto",
            "descripcionFoto"
        ]
    },
    "update": {
        "route": "/fotos/$fotoId",
        "method": "PUT",
        "sql": "UPDATE fotos SET usuarioId = $usuarioId, urlFoto = $urlFoto, descripcionFoto = $descripcionFoto WHERE fotoId = $fotoId",
        "auth_required": true,
        "allowed_roles": [
            "*"
        ],
        "description": "Updates an existing entry in 'fotos' by its primary key",
        "request_body_params": [
            "usuarioId",
            "urlFoto",
            "descripcionFoto"
        ]
    },
    "delete": {
        "route": "/fotos/$fotoId",
        "method": "DELETE",
        "sql": "DELETE FROM fotos WHERE fotoId = $fotoId",
        "auth_required": true,
        "allowed_roles": [
            "*"
        ],
        "description": "Deletes an existing entry in 'fotos' by its primary key"
    }
}