{
    "getAll": {
        "route": "/usuarios",
        "method": "GET",
        "sql": "SELECT * FROM usuarios",
        "auth_required": false,
        "allowed_roles": [
            "*"
        ],
        "description": "Gets all usuarios"
    },
    "getById": {
        "route": "/usuarios/$usuarioId",
        "method": "GET",
        "sql": "SELECT * FROM usuarios WHERE usuarioId = $usuarioId",
        "auth_required": false,
        "allowed_roles": [
            "*"
        ],
        "description": "Gets an entry from 'usuarios' by its primary key"
    },
    "create": {
        "route": "/usuarios",
        "method": "POST",
        "sql": "INSERT INTO usuarios(direccionId, email, passwd, nombre, apellidos, edad, estatura, peso, sexo, colorDePelo) VALUES ($direccionId, $email, $passwd, $nombre, $apellidos, $edad, $estatura, $peso, $sexo, $colorDePelo)",
        "auth_required": true,
        "allowed_roles": [
            "*"
        ],
        "description": "Creates a new entry in 'usuarios'",
        "request_body_params": [
            "direccionId",
            "email",
            "passwd",
            "nombre",
            "apellidos",
            "edad",
            "estatura",
            "peso",
            "sexo",
            "colorDePelo"
        ]
    },
    "update": {
        "route": "/usuarios/$usuarioId",
        "method": "PUT",
        "sql": "UPDATE usuarios SET direccionId = $direccionId, email = $email, passwd = $passwd, nombre = $nombre, apellidos = $apellidos, edad = $edad, estatura = $estatura, peso = $peso, sexo = $sexo, colorDePelo = $colorDePelo WHERE usuarioId = $usuarioId",
        "auth_required": true,
        "allowed_roles": [
            "*"
        ],
        "description": "Updates an existing entry in 'usuarios' by its primary key",
        "request_body_params": [
            "direccionId",
            "email",
            "passwd",
            "nombre",
            "apellidos",
            "edad",
            "estatura",
            "peso",
            "sexo",
            "colorDePelo"
        ]
    },
    "delete": {
        "route": "/usuarios/$usuarioId",
        "method": "DELETE",
        "sql": "DELETE FROM usuarios WHERE usuarioId = $usuarioId",
        "auth_required": true,
        "allowed_roles": [
            "*"
        ],
        "description": "Deletes an existing entry in 'usuarios' by its primary key"
    }
}